<assembly xmlns="http://maven.apache.org/ASSEMBLY/2.0.0"
  xmlns:xsi="http://www.w3.org/2001/XMLSchema-instance"
  xsi:schemaLocation="http://maven.apache.org/ASSEMBLY/2.0.0 http://maven.apache.org/xsd/assembly-2.0.0.xsd">
  <id>bin</id>
  <formats>
    <format>zip</format>
  </formats>
  <fileSets>
    <fileSet>
      <directory>${project.basedir}</directory>
      <outputDirectory>/</outputDirectory>
      <includes>
        <include>README*</include>
        <include>COPYING</include>
      </includes>
    </fileSet>
    <fileSet>
      <directory>${project.build.directory}</directory>
      <outputDirectory>/</outputDirectory>
      <includes>
        <include>*-all.jar</include>
      </includes>
    </fileSet>
    <fileSet>
      <directory>${project.build.directory}/site</directory>
      <outputDirectory>docs</outputDirectory>
    </fileSet>
    <fileSet>
      <directory>src/main/resources/themes</directory>
      <outputDirectory>/themes</outputDirectory>
      <includes>
        <include>*.theme</include>
      </includes>
    </fileSet>
  </fileSets>
</assembly>
