<?xml version="1.0" encoding="UTF-8"?>
<project-private xmlns="http://www.netbeans.org/ns/project-private/1">
    <editor-bookmarks xmlns="http://www.netbeans.org/ns/editor-bookmarks/1"/>
    <open-files xmlns="http://www.netbeans.org/ns/projectui-open-files/1">
        <file>file:/home/mihara/NetBeansProjects/pdf-renderer/src/com/sun/pdfview/PDFPaint.java</file>
        <file>file:/home/mihara/NetBeansProjects/pdf-renderer/src/com/sun/pdfview/PDFRenderer.java</file>
        <file>file:/home/mihara/NetBeansProjects/pdf-renderer/src/com/sun/pdfview/font/PDFCMap.java</file>
        <file>file:/home/mihara/NetBeansProjects/pdf-renderer/src/com/sun/pdfview/font/PDFFontEncoding.java</file>
    </open-files>
</project-private>
