<?xml version="1.0" encoding="UTF-8"?>
<project-private xmlns="http://www.netbeans.org/ns/project-private/1">
    <editor-bookmarks xmlns="http://www.netbeans.org/ns/editor-bookmarks/2" lastBookmarkId="0"/>
    <open-files xmlns="http://www.netbeans.org/ns/projectui-open-files/2">
        <group>
            <file>file:/home/mihara/NetBeansProjects/pdf-renderer-head/trunk/src/com/sun/pdfview/PDFFile.java</file>
            <file>file:/home/mihara/NetBeansProjects/pdf-renderer-head/trunk/src/com/sun/pdfview/font/TTFFont.java</file>
            <file>file:/home/mihara/NetBeansProjects/pdf-renderer-head/trunk/src/com/sun/pdfview/font/OutlineFont.java</file>
            <file>file:/home/mihara/NetBeansProjects/pdf-renderer-head/trunk/src/com/sun/pdfview/font/PDFFont.java</file>
            <file>file:/home/mihara/NetBeansProjects/pdf-renderer-head/trunk/src/com/sun/pdfview/font/Type1CFont.java</file>
            <file>file:/home/mihara/NetBeansProjects/pdf-renderer-head/trunk/manifest.mf</file>
            <file>file:/home/mihara/NetBeansProjects/pdf-renderer-head/trunk/src/com/sun/pdfview/font/ttf/TrueTypeFont.java</file>
        </group>
    </open-files>
</project-private>
