<?xml version="1.0" encoding="UTF-8"?>
<project-private xmlns="http://www.netbeans.org/ns/project-private/1">
    <editor-bookmarks xmlns="http://www.netbeans.org/ns/editor-bookmarks/2" lastBookmarkId="0"/>
    <open-files xmlns="http://www.netbeans.org/ns/projectui-open-files/2">
        <group>
            <file>file:/home/mihara/NetBeansProjects/pdf-renderer-head/trunk/src/com/sun/pdfview/PDFObject.java</file>
            <file>file:/home/mihara/NetBeansProjects/pdf-renderer-head/trunk/src/com/sun/pdfview/PDFShapeCmd.java</file>
            <file>file:/home/mihara/NetBeansProjects/pdf-renderer-head/trunk/src/com/sun/pdfview/PDFParser.java</file>
            <file>file:/home/mihara/NetBeansProjects/pdf-renderer-head/trunk/src/com/sun/pdfview/PDFPaint.java</file>
            <file>file:/home/mihara/NetBeansProjects/pdf-renderer-head/trunk/src/test/TestType1CFont.java</file>
            <file>file:/home/mihara/NetBeansProjects/pdf-renderer-head/trunk/src/com/sun/pdfview/font/OutlineFont.java</file>
            <file>file:/home/mihara/NetBeansProjects/pdf-renderer-head/trunk/src/com/sun/pdfview/font/PDFCMap.java</file>
            <file>file:/home/mihara/NetBeansProjects/pdf-renderer-head/trunk/demos/viewer/com/sun/pdfview/PDFViewer.java</file>
            <file>file:/home/mihara/NetBeansProjects/pdf-renderer-head/trunk/src/com/sun/pdfview/font/Type0Font.java</file>
            <file>file:/home/mihara/NetBeansProjects/pdf-renderer-head/trunk/demos/viewer/com/sun/pdfview/PagePanel.java</file>
            <file>file:/home/mihara/NetBeansProjects/pdf-renderer-head/trunk/src/com/sun/pdfview/PDFRenderer.java</file>
            <file>file:/home/mihara/NetBeansProjects/pdf-renderer-head/trunk/src/com/sun/pdfview/PDFFile.java</file>
            <file>file:/home/mihara/NetBeansProjects/pdf-renderer-head/trunk/src/com/sun/pdfview/PDFTextFormat.java</file>
            <file>file:/home/mihara/NetBeansProjects/pdf-renderer-head/trunk/src/com/sun/pdfview/PDFPage.java</file>
            <file>file:/home/mihara/NetBeansProjects/pdf-renderer-head/trunk/src/com/sun/pdfview/font/PDFFont.java</file>
        </group>
    </open-files>
</project-private>
